id,title,description,availability,condition,price,link,image_link,brand
FOOD_ESP,Espresso - SapaTamu Kafe,"Single shot espresso murni dari biji kopi arabika pilihan dengan crema tebal.",in stock,new,22000 IDR,https://sapatamu.com/menu/esp,https://iili.io/nHXIB6B.jpg,SapaTamu Kafe
FOOD_AME,Americano - SapaTamu Kafe,"Espresso arabika dipadukan dengan air mineral murni segar kaya rasa.",in stock,new,22000 IDR,https://sapatamu.com/menu/ame,https://iili.io/nHXIB6B.jpg,SapaTamu Kafe
FOOD_LAT,Caffe Latte - SapaTamu Kafe,"Perpaduan lembut espresso arabika dengan steamed milk creamy.",in stock,new,28000 IDR,https://sapatamu.com/menu/lat,https://iili.io/nHXIB6B.jpg,SapaTamu Kafe
FOOD_CAP,Cappuccino - SapaTamu Kafe,"Kombinasi klasik espresso steamed milk dan busa susu tebal lembut.",in stock,new,28000 IDR,https://sapatamu.com/menu/cap,https://iili.io/nHXIB6B.jpg,SapaTamu Kafe
FOOD_MAT,Matcha Latte - SapaTamu Kafe,"Bubuk matcha premium Jepang dipadukan dengan susu segar manis gurih.",in stock,new,25000 IDR,https://sapatamu.com/menu/mat,https://iili.io/nHXIB6B.jpg,SapaTamu Kafe
FOOD_TEH,Es Teh Manis Segar,"Teh melati pilihan diseduh tradisional dengan gula tebu asli menyegarkan.",in stock,new,15000 IDR,https://sapatamu.com/menu/teh,https://iili.io/nHXIB6B.jpg,SapaTamu Kafe
FOOD_JER,Jeruk Peras Alami,"Perasan jeruk segar asli tanpa pemanis buatan kaya vitamin C.",in stock,new,15000 IDR,https://sapatamu.com/menu/jer,https://iili.io/nHXIB6B.jpg,SapaTamu Kafe
FOOD_CRO,Butter Croissant - SapaTamu Bakery,"Pastry khas Prancis berlapis renyah di luar dan lembut beraroma butter.",in stock,new,20000 IDR,https://sapatamu.com/menu/cro,https://iili.io/nHXIB6B.jpg,SapaTamu Resto
FOOD_ROT,Roti Bakar Spesial SapaTamu,"Roti tawar tebal panggang dengan isian cokelat keju melimpah.",in stock,new,18000 IDR,https://sapatamu.com/menu/rot,https://iili.io/nHXIB6B.jpg,SapaTamu Resto
FOOD_CAR,Spaghetti Carbonara Creamy,"Pasta spaghetti al dente dengan saus krim keju parmesan gurih dan smoked beef.",in stock,new,45000 IDR,https://sapatamu.com/menu/car,https://iili.io/nHXIB6B.jpg,SapaTamu Resto
FOOD_NAS,Nasi Goreng Spesial SapaTamu,"Nasi goreng bumbu rempah nusantara dengan suwiran ayam telur dan kerupuk.",in stock,new,35000 IDR,https://sapatamu.com/menu/nas,https://iili.io/nHXIB6B.jpg,SapaTamu Resto