Type,SKU,Name,Published,Is featured?,Visibility in catalog,Short description,Description,Tax status,In stock?,Stock,Regular price,Categories,Images
simple,ROOM-DELUXE,Deluxe Room - SapaTamu Hotel,1,1,visible,"Kamar Deluxe luas dengan Kasur King Size, Smart TV, dan Balkon.","Kamar Deluxe modern dengan fasilitas lengkap: Kasur King Size, Smart TV 43 Inch, AC Dingin, Balkon Pribadi dengan pemandangan kota, dan Sarapan gratis untuk 2 pax.",taxable,1,20,550000,Kamar Hotel,https://iili.io/nHXxrOb.jpg
simple,ROOM-EXEC,Executive Suite - SapaTamu Hotel,1,1,visible,"Suite mewah dengan Ruang Tamu terpisah, Jacuzzi, dan Lounge Access.","Executive Suite eksklusif dengan fasilitas premium: Ruang Tamu Terpisah, Jacuzzi Pribadi, Espresso Machine in-room, Akses Executive Lounge, dan Sarapan gratis untuk 2 pax.",taxable,1,10,950000,Kamar Hotel,https://iili.io/nHXzg4I.jpg
simple,ROOM-SUITE,Presidential Suite - SapaTamu Hotel,1,1,visible,"Penthouse termewah 2 kamar tidur dengan 24h Butler dan Dining Room.","Presidential Suite termegah di SapaTamu: 2 Kamar Tidur Mewah, Dining Room Pribadi, Mini Bar Gratis, Jacuzzi, dan Layanan 24 Jam Butler Pribadi.",taxable,1,5,1800000,Kamar Hotel,https://iili.io/nHXz6YX.jpg
simple,FOOD-ESP,Espresso,1,0,visible,"Single shot espresso arabika dengan crema tebal.","Single shot espresso murni dari 100% biji kopi arabika pilihan dengan crema tebal dan aroma harum pekat.",taxable,1,100,22000,Restoran & Kafe > Kopi,https://iili.io/nHXIB6B.jpg
simple,FOOD-AME,Americano,1,0,visible,"Espresso arabika dipadu air mineral segar (Panas/Dingin).","Espresso arabika dipadukan dengan air mineral murni segar kaya rasa, cocok diminum panas maupun dingin.",taxable,1,100,22000,Restoran & Kafe > Kopi,https://iili.io/nHXIB6B.jpg
simple,FOOD-LAT,Caffe Latte,1,0,visible,"Espresso arabika dengan steamed milk creamy dan microfoam.","Perpaduan lembut espresso arabika pilihan dengan steamed milk creamy dan microfoam yang lembut.",taxable,1,100,28000,Restoran & Kafe > Kopi,https://iili.io/nHXIB6B.jpg
simple,FOOD-CAP,Cappuccino,1,0,visible,"Kombinasi klasik espresso, steamed milk, dan busa tebal.","Kombinasi klasik espresso, steamed milk, dan busa susu tebal lembut dengan taburan bubuk cokelat kakao.",taxable,1,100,28000,Restoran & Kafe > Kopi,https://iili.io/nHXIB6B.jpg
simple,FOOD-MAT,Matcha Latte,1,0,visible,"Matcha premium Jepang dengan susu segar gurih manis.","Bubuk matcha premium asli Jepang dipadukan dengan fresh milk manis gurih yang menenangkan.",taxable,1,100,25000,Restoran & Kafe > Non-Kopi,https://iili.io/nHXIB6B.jpg
simple,FOOD-TEH,Es Teh Manis Segar,1,0,visible,"Teh melati seduh tradisional gula tebu asli.","Teh melati pilihan diseduh tradisional dengan gula tebu asli dan es kristal menyegarkan.",taxable,1,100,15000,Restoran & Kafe > Non-Kopi,https://iili.io/nHXIB6B.jpg
simple,FOOD-JER,Jeruk Peras Alami,1,0,visible,"Perasan jeruk segar asli kaya vitamin C.","Perasan jeruk segar alami tanpa pemanis buatan, kaya vitamin C dan menyegarkan dahaga.",taxable,1,100,15000,Restoran & Kafe > Non-Kopi,https://iili.io/nHXIB6B.jpg
simple,FOOD-CRO,Butter Croissant,1,0,visible,"Pastry khas Prancis renyah di luar lembut di dalam.","Pastry khas Prancis berlapis renyah di luar dan lembut beraroma butter gurih di dalam.",taxable,1,50,20000,Restoran & Kafe > Makanan Ringan,https://iili.io/nHXTkfp.jpg
simple,FOOD-ROT,Roti Bakar Spesial SapaTamu,1,0,visible,"Roti panggang tebal cokelat keju melimpah.","Roti tawar tebal panggang dengan isian cokelat keju melimpah dan susu kental manis.",taxable,1,50,18000,Restoran & Kafe > Makanan Ringan,https://iili.io/nHXTkfp.jpg
simple,FOOD-CAR,Spaghetti Carbonara Creamy,1,0,visible,"Spaghetti al dente saus keju parmesan dan smoked beef.","Pasta spaghetti al dente dengan saus krim keju parmesan gurih, potongan smoked beef, dan taburan oregano.",taxable,1,50,45000,Restoran & Kafe > Makanan Utama,https://iili.io/nHXTkfp.jpg
simple,FOOD-NAS,Nasi Goreng Spesial SapaTamu,1,0,visible,"Nasi goreng rempah dengan ayam, telur mata sapi, dan kerupuk.","Nasi goreng bumbu rempah nusantara khas SapaTamu dengan suwiran ayam, telur mata sapi, dan kerupuk renyah.",taxable,1,50,35000,Restoran & Kafe > Makanan Utama,https://iili.io/nHXTkfp.jpg